{"type": "RobustScaler", "center": [20.0, 152.0, 0.0, 25070.599609375, 111.0, 85.5, 66.5999984741211, 111.0, 15399.37109375, 0.0, 105.0, 51812.0, 6.0, 61482.0, 142.0, 98.0, 4.0, 35.21836471557617, 0.0, 0.0], "scale": [12.0, 5047867.5, 774500.875, 587041.75, 750597.65625, 147.75, 132.75, 1156.0, 1563966.25, 35470.06640625, 740.0, 5012599.0, 94.0, 5347540.0, 4422541.5, 212.5, 136788.0, 314.54245376586914, 262.49188232421875, 1.0], "n_features": 20}