class,FPR
Analysis,0.02610768694034038
Backdoor,0.02003600673674313
DoS,0.005201171758234878
Exploits,0.04202684658092332
Fuzzers,0.03382333810328907
Generic,0.0018964086760695806
Normal,0.14743170827340904
Reconnaissance,0.00612121212121175
Shellcode,0.010335017128258123
Worms,0.0016711807756582913
