class,FPR
Benign,0.00049999999999975
DDoS attacks-LOIC-HTTP,0.00149999999999925
