class,FPR
0,0.018415063107796725
1,0.00010088526822870436
2,0.00010871042261176495
3,0.00017674536043428416
4,0.0001308147140390317
5,7.566776805306642e-05
6,0.0
7,0.0
8,0.0
9,5.049229992426028e-05
10,0.0
11,0.0005549669542404381
12,0.0
13,0.00012604936092973693
