class,FPR
0,0.0011629259216187253
1,0.0019164876009058647
2,0.027799366294014
3,0.06395389697097027
4,0.03278262000780325
5,0.0022519853028326268
6,0.15788785779634584
7,0.006363636363635978
8,0.006096498867792713
9,0.00040338846308993236
